url,title,priceLevel,address,type,cuisine,summary,reservationNum,nearestMrt,openingHours,avgPrice,suitableFor,phoneNum,website,goodFor
https://www.hungrygowhere.com/singapore/cafe_2000/,Cafe 2000,$$$,"GF M Hotel, 81 Anson Road, 079908",Restaurant,Asian • Western,Cafe 2000 offers some of the best Asian and Western cuisine with a wide selection of food from hearty salads and grilled specialty dishes to seafood and barbeque buffet that are suitable for group gatherings and family occasions.,+65 68846884,Tanjong Pagar,Daily: 06:30 - 23:00,$47 based on 29 submissions,"Buffet(14 votes), Dinner(10 votes), After Work(7 votes)",Durian King Log Cake,+65 65006112,http://www.millenniumhotels.com.sg/mhotelsingapore/dining/cafe-2000.html
https://www.hungrygowhere.com/singapore/tea-bar-anson-tanjong-pagar/,Tea Bar,$,"M Hotel, 81 Anson Road, 079908",Cafe,Western,,+65 68846884,Tanjong Pagar,Daily: 11:00 - 17:00,$20 based on 3 submissions,"Healthy Eating, High Tea",+65 65006124,http://www.millenniumhotels.com.sg/mhotelsingapore/dining-specials/tea-bar-high-teas.html,Food/Drink Value Service Ambience
https://www.hungrygowhere.com/singapore/edge-suntec--city-hall/,Edge,$$$$,"Level 3 The Pan Pacific Hotel Singapore, 7 Raffles Boulevard, 039595",Restaurant,Chinese • Indian • Japanese • Singaporean • Thai,"Located on level three of Pan Pacific Singapore, Edge is an award-winning dining establishment that's quite unlike any other in Singapore. Offering a theatrical and interactive dining experience, it features seven open kitchens manned by master chefs whom cook up a spectacular range of delicious Asian and Pacific cuisine, be it Chinese, Malay, Indian or Japanese.",+65 68846884,Promenade,Daily: 06:00 - 10:30 Mon - Sat: 12:00 - 14:30 Sun: 12:00 - 15:30 Daily: 18:30 - 22:30,$84 based on 55 submissions,"Buffet(22 votes), Birthdays(11 votes), Dinner(10 votes)","Irish Cheese, Scorched Raclette",+65 68268240,https://www.facebook.com/edge.ppsin
https://www.hungrygowhere.com/singapore/seafood-soup-shop-bendemeer-kallang-boon-keng/,Seafood Soup Shop (海鲜汤),$,"#01-2803 Market & Hawker Centre (blk 69 Geylang Bahru), 69 Geylang Bahru, 330069",Kiosk or Stall,Chinese • Seafood,"Seafood Soup Shop is a stall that serves variety of Chinese cuisine such as Slice Fish Soup, Bbq Stingray, Bbq Sotong and many more. Try and visit them with family and friends and be amazed by their delightful dishes!","#01-2803 Market & Hawker Centre (blk 69 Geylang Bahru), 69 Geylang Bahru, 330069 View Map","Chinese, Seafood","Dinner(6 votes), Lunch(4 votes), Cheap Eat/Budget(3 votes)",Food/Drink Value Service Ambience,,,,
https://www.hungrygowhere.com/singapore/al_qasr/,Qasr Grille & Mezze Bar,$$$,"Holland Village, 46 Lorong Mambong, 277698",Restaurant,Halal • Iranian • Lebanese • Middle Eastern,"Qasr Grille & Mezze Bar offers some of the best Middle Eastern Cuisine serving a tantalising collection of dishes that are suitable for family, large groups, catching up with friends and colleagues. From Minced Lamb Kebab to Beef Shawarma its extensive menu is reflective of the restaurant’s efforts to cater to every palate.",+65 68846884,Holland Village,Daily: 11:30 - 14:30 Daily: 18:00 - 23:00,$50 based on 39 submissions,"Dinner(17 votes), Alfresco/Outdoor Dining(11 votes), Quiet(11 votes)",+65 64677793,Food/Drink Value Service Ambience,
https://www.hungrygowhere.com/singapore/atrium-bar-317/,Atrium Bar 317,,"Holiday Inn Singapore Atrium, 317 Outram Road, 169075",Bar or Pub,Chinese • Drinks • Western,Atrium Bar 317 is a casual dining place that offers a pleasant experience with their menu featuring delicious Western and Chinese cuisines. It presents a wide range of light bites in daytime and an extensive list of wines and craft cocktails in the evening while listening to live music performances every Wednesday to Friday.,+65 68846884,Tiong Bahru,"After Work, Business Dining, Dinner",+65 67317172,Food/Drink Value Service Ambience,,,
https://www.hungrygowhere.com/singapore/indian_mom_s_kitchen/,Indian Mom's Kitchen,$,"16 Desker Road, 209555",Kiosk or Stall,Asian • Indian • North Indian,,"16 Desker Road, 209555 View Map","Asian, Indian, North Indian","Birthdays(12 votes), Buffet(9 votes), Alfresco/Outdoor Dining(8 votes)",+65 66028079,Food/Drink Value Service Ambience,,,
https://www.hungrygowhere.com/singapore/gu_ma_jia_food_pot/,Gu Ma Jia Food Pot (姑妈家),$,"Sennett Estate, 45 Tai Thong Crescent, 347866",Restaurant,Asian • Chinese,"“Gu Ma House”, the Chinese name for “Foodpot”, holds a special meaning for the Chan Family. Aside from having the idea that the food sold are private dishes that the Lady Boss “Gu Ma” cooks at home, “Gu Ma House” also became a second family gathering spot for the Chan Family.","Sennett Estate, 45 Tai Thong Crescent, 347866 View Map","Asian, Chinese",$20 based on 27 submissions,"Dinner(18 votes), Children/Family(17 votes), Lunch(12 votes)",+65 62852023,Food/Drink Value Service Ambience,,
https://www.hungrygowhere.com/singapore/zai_shun_curry_fish_head/,Zai Shun Curry Fish Head,$,"#01-205 First Cooked Food Point, 253 Jurong East Street 24, 600253",Cafe,Asian • Chinese • Seafood,"THE BUZZ: Zai Shun Curry Fish Head offers some of the best Seafood and Chinese cuisine in Singapore, serving a tantalising collection of dishes that are suitable for family gatherings and large groups. From Porridge to Steamed Fish its extensive menu is reflective of the stall’s efforts to cater to every palate.","#01-205 First Cooked Food Point, 253 Jurong East Street 24, 600253 View Map","Asian, Chinese, Seafood",$16 based on 24 submissions,"Breakfast, Brunch, Cheap Eat/Budget",+65 65608594,Food/Drink Value Service Ambience,,
https://www.hungrygowhere.com/singapore/tian_tian_hainanese_chicken_rice_maxwell/,Tian Tian Hainanese Chicken Rice (Maxwell) (天天海南鸡饭),$,"#01-10/11 Maxwell Food Centre, 1 Kadayanallur Street, 069184",Kiosk or Stall,Asian • Chinese • Hainanese • Local,"Located in Maxwell Food Centre on Maxwell Road, Tian Tian specializes in Hainanese white chicken rice.","#01-10/11 Maxwell Food Centre, 1 Kadayanallur Street, 069184 View Map","Asian, Chinese, Hainanese, Local",Maxwell,$15 based on 134 submissions,"Lunch(36 votes), Dinner(23 votes), Take Away(22 votes)",Chicken Rice,+65 96914852,Food/Drink Value Service Ambience
https://www.hungrygowhere.com/singapore/seoul-yummy-eunos-ubi-01-139/,Seoul Yummy (SingPost Centre),$$,"#01-139 Singapore Post Centre, 10 Eunos Road 8, 408600",Restaurant,Korean,"Seoul Yummy offers some of the best Korean cuisine in Singapore, serving a tantalising collection of dishes that are suitable for casual dining and group gatherings. Their menu consists of a wide variety of appetizers, main courses, desserts, and beverages that you can mix and match.",+65 68846884,Paya Lebar,Daily: 11:30 - 22:00 Last order: 21:30,SingPost Centre (View all branches),$22 based on 2 submissions,"Children/Family, Dinner, Large Groups/Gathering",+65 67479665,http://www.seoulyummy.com https://www.facebook.com/seoulyummy/ https://instagram.com/seoulyummy/
https://www.hungrygowhere.com/singapore/mo-bar-suntec-city-hall/,MO BAR,,"Mandarin Oriental, Singapore, 5 Raffles Avenue, 039797",Bar or Pub,Cocktails,"Mandarin Oriental, Singapore’s popular afternoon tea returns to the newly opened MO BAR. With a seasonal menu changing bi-monthly and personalised service for which Mandarin Oriental is renowned, indulge in a refreshed experience over views of Singapore. While MO BAR offers an inviting atmosphere at night, it transforms into a relaxing space awash in natural daylight during the day. The antique gold geometric patterns inspired by Polynesian tattoos on the ceiling and façade are accentuated alongside the impressive communal table, decked with a selection of TWG Tea products and gourmet gifts that greets guests upon entering. This month’s decadent treats celebrate the vibrant colours and flavours of Christmas. Begin with Berries-infused Tea Jelly with cinnamon red fruit emulsion, followed by a suite of savoury delicacies including Kueh Pie Tee stuffed with red wine cabbage and wagyu short rib, braised for 12 hours to render it tender, and a refined Foie Gras Lollipop studded with pistachio. Also, savour freshly baked Ginger Spiced Orange Candied and Madagascar Vanilla scones accompanied by clotted cream and homemade jams. Conclude the mid-day indulgence with remarkable desserts on a two-tier stand presented on handmade plates by local ceramic studio, Mud Rock. For a touch of elegance, coffee or tea from the 18 new TWG Tea options available is served in white porcelain cups and saucers with a polished gold rim by Legle from France. Afternoon Tea is priced at SGD 48++ per person and SGD 88++ for two persons inclusive of one pot of coffee or TWG tea. SGD 65++ per person inclusive of one cocktail or mocktail. SGD 68++ per person inclusive of one glass of “R"" de Ruinart champagne. For restaurant reservations and enquiries, please email mosin-dining@mohg.com or call +65 6885 3500.",+65 68846884,Promenade,Opens: Sun-Thu: 11:00-1:00 Fri-Sat & Eve of Public Holiday: 11:00-2:00 Afternoon Tea: 15:00-17:00 Additional Seating (Weekends and Public Holidays): 12:30-14:30 and 15:00 - 17:00,"After Work, Chill Out",+65 68853500,https://www.mandarinoriental.com/singapore/fine-dining/lounges/mo-bar https://www.facebook.com/MandarinOrientalSingapore/ https://twitter.com/MO_SINGAPORE https://instagram.com/mo_singapore/,Food/Drink Value Service Ambience,
https://www.hungrygowhere.com/singapore/dessert_bowl/,Dessert Bowl (碗甜品),$,"80A Serangoon Garden Way, 555976",Cafe,Chinese • Desserts,"THE BUZZ: Dessert Bowl is one of the best spot to visit when you want to treat yourself with some well-deserved comfort food. Everyone in the family will surely enjoy their mouthwatering desserts, bursting with such great taste which can satisfy one’s cravings.","80A Serangoon Garden Way, 555976 View Map","Chinese, Desserts",$5 based on 69 submissions,"Chillout(20 votes), Cheap Eat/Budget(18 votes), After Work(15 votes)","Durian Mousse, Durian Mousse and Aiyu Mango, Mango with Aiyu Jelly, Red Bean Grass Jelly and Ice Cream, Sour Mangoes",+65 62851278,Food/Drink Value Service Ambience,
https://www.hungrygowhere.com/singapore/Wimbly_lu/,Wimbly Lu (Riang),$,"15-2 Jalan Riang, 358987",Cafe,Desserts • Drinks • Snacks • Western,"THE BUZZ: Seated along Jalan Riang and just a few minutes away from Serangoon MRT station, Wimbly Lu is a cafe and chocolatier that serves mouth-watering desserts and snacks. Everyone will love their chocolate truffles, pancakes, cakes and more, bursting with such great flavours which will surely satisfy one’s cravings.","15-2 Jalan Riang, 358987 View Map","Desserts, Drinks, Snacks, Western",Riang (View all branches),$13 based on 135 submissions,"Chillout(33 votes), After Work(29 votes), Hidden Find(29 votes)","Double Chocolate Cheesecake, Root Beer Cake with Vanilla Ice Cream",+65 62891489,Food/Drink Value Service Ambience
https://www.hungrygowhere.com/singapore/ice-edge-cafe-bar/,Ice Edge Cafe & Bar (Downtown East),$$,"#02-333 Downtown East E!Avenue, 1 Pasir Ris Close, 519599",Cafe,Desserts • Fusion • Western,"Pizza, pasta, gelato – those are the three words prominently displayed underneath Ice Edge Cafe & Bar’s marquee. But if you ask us, this cushy little bistro located at Pasir Ris offers much more than that. Spinning up incredible, family-friendly nosh in a plush environment, Ice Edge Cafe & Bar is the go-to hangout for lazy weekend afternoons spent gabbing over the latest gossip and making new memories with friends, all while sipping on cups of coffee or digging into excellent western-styled nosh.",+65 68846884,Pasir Ris,Daily: 11:30 - 22:30 Last Order: 22:00,Downtown East,$25 based on 5 submissions,"Alfresco/Outdoor Dining, Children/Family, Dinner","Chicken & Mushroom Cream Linguine, Crabmeat Zucchini Soup, Nuggets N’ Chips, Poutine Fries, Tom Yam Seafood Linguine",+65 63851121
https://www.hungrygowhere.com/singapore/waterfall_lounge/,Waterfall Lounge,,"Furama Riverfront Singapore, 405 Havelock Road, 169633",Bar or Pub,Beer • Cocktails • Drinks • Western • Wine,"THE BUZZ: Spend languid afternoons savouring beverages and snacks with our Afternoon Tea Set at Waterfall Lounge, and unwind in our restful sanctuary set against the stunning backdrop of a 20ft waterfall. The tranquil and serene ambience makes it an ideal location for private functions and special events. This private space is able to accommodate up to 80 persons with full service of buffet dining and refreshments.",+65 68846884,Outram Park,Mon - Thu: 11:00 - 01:00 Fri - Sat: 12:00 - 02:00 Eve of PH: 11:00 - 02:00 Sun: 11:00 - 01:00 Happy Hours: 17:00-21:00,"Chillout, Live Band, Night Out",Strongbow Over Ice Apple Cider,+65 63338898,http://www.furama.com/riverfront/Dining/Waterfall-Lounge https://www.pinterest.com/furama/ https://www.facebook.com/furamariverfrontsingapore/ https://instagram.com/furamariverfront/,Food/Drink Value Service Ambience
https://www.hungrygowhere.com/singapore/wow-telok-blangah-harbourfront/,The WoW – World of Whisky,,"Imbiah Station Le Méridien Singapore, Sentosa, 23 Beach View, 098679",Bar or Pub,Cocktails • Drinks • Wine,"The WoW – World of Whisky serves the finest premium and rare scotch whiskies. Visit them and grab a glass of their famous whisky that will surely quench your thirst. Enjoy the perfect ambience to relax and unwind with your friends, family and loved ones.",+65 68846884,HarbourFront,"After Work, Chill Out, Night Out",Whisky,+65 68183326,Food/Drink Value Service Ambience,,
https://www.hungrygowhere.com/singapore/cafe_swiss/,Cafe Swiss,$$,"Level 2 Swissotel The Stamford, 2 Stamford Road, 178882",Restaurant,European • Swiss • Western,"Filled with charming Swiss hospitality, Café Swiss is a 210-seater dining restaurant that is designed in a stylish modern architecture. Illuminated by an overhead of natural skylight, Café Swiss emanates an inviting aura of warmth and elegance for a tranquil respite. The sumptuous buffet lunch and dinner, offering a variety of European fare, are immensely popular.",+65 68846884,"City Hall, Esplanade",Opens: Breakfast: Daily: 6:00 - 11:00 Buffet Lunch: Mon - Fri: 12:00 - 14:30 Sat & Eve of PH: 12:30 - 14:30 Buffet Dinner: Thu - Sat: 18:30 - 22:00 Sunday Family Buffet Brunch: Sun: 12:30 - 15:30 Closed: Mon - Wed: Dinner time Sun: Dinner time,$38 based on 44 submissions,"Buffet(15 votes), Dinner(15 votes), Quiet(13 votes)",+65 64316156,Food/Drink Value Service Ambience,
https://www.hungrygowhere.com/singapore/jai-siam-joo-chiat-katong-east-coast/,Jai Siam (East Coast),$,"205 East Coast Road, 428904",Restaurant,Asian • Halal • Thai,"Jai Siam offers some of the best Thai cuisine in Singapore, a Halal certified restaurant serving a tantalising collection of dishes that are suitable for casual dining and group gatherings. They offer a wide selection of appetizers, salads, soup & curry, seafood, beef, chicken, vegetables, and more, so there is something for everyone on the menu.",+65 68846884,Kembangan,Daily: 11:30 - 15:00 Daily: 18:00 - 22:00,East Coast (View all branches),$13 based on 47 submissions,"Cheap Eat/Budget(4 votes), Dinner(3 votes), Lunch(3 votes)",+65 63464940,http://www.jai-thai.com
https://www.hungrygowhere.com/singapore/publico-deli/,Publico Deli,$$,"Level 1 Intercontinental Singapore Robertson Quay, 1 Nanson Road, 238909",Cafe,Desserts • Drinks • Italian,"THE BUZZ: Located on the banks of Robertson Quay, Publico Deli serves a variety of Italian cuisine. It offers an all-day breakfast menu and specialty coffee by Liberty, as well as a selection of salads, panini and other savoury comfort dishes that will surely satisfy your taste buds.","Level 1 Intercontinental Singapore Robertson Quay, 1 Nanson Road, 238909 View Map",Daily: 06:30 - 00:00,"Breakfast, Children/Family, Chill Out",+65 68265041,Food/Drink Value Service Ambience,,,
https://www.hungrygowhere.com/singapore/bengawan-solo-tiong-bahru-outram/,Bengawan Solo (SGH),$,"Level 1 Singapore General Hospital, 7 Outram Road, 169608",Cafe,Desserts • Snacks,"Bengawan Solo offers some of the best Desserts serving a tantalising collection of dishes that are suitable for family, large groups, catching up with friends and colleagues. From Signature Pandan Chiffon to Kueh Lapis its extensive menu is reflective of the cafe’s efforts to cater to every palate. This cafe is located in Singapore General Hospital along Outram Road. The emphasis on premium quality, Bengawan Solo offers a wide range of traditional local cakes and pastries such as kuehs, cookies, and tarts.","Level 1 Singapore General Hospital, 7 Outram Road, 169608 View Map","Desserts, Snacks",SGH (View all branches),$1 based on 2 submissions,"Birthdays, Corporate Events, Festivals",+65 62210136 +65 67569088,Food/Drink Value Service Ambience,
https://www.hungrygowhere.com/singapore/pizzaexpress/,PizzaExpress (Duo),$,"#01-01/02 Duo Galleria, 7 Fraser Street, 189356",Restaurant,Italian • Western,Ask anyone who's spent time in the United Kingdom and the name PizzaExpress will ring a bell.,+65 68846884,Rochor,Daily: 11:00 - 23:00,Duo (View all branches),$18 based on 2 submissions,"Ala Carte, Children/Family, Chill Out","Affocato, Big Bad Brownie, Calabrese pizza, Cheese Cake, Chocolate Fudge Cake, Dough Balls, Gelato, Mango Panna Cotta, Sorbet, Tiramisu",+65 67021514
https://www.hungrygowhere.com/singapore/spizza_jalan_kayu/,Spizza (Jalan Kayu),$$,"269 Jalan Kayu, 799497",Restaurant,European • Italian • Pizza,"Set along Jalan Kayu, Spizza is a gourmet pizzeria that serves delectable Italian cuisine. Apart from enjoying the salads, soups and their signature thin-crusted pizzas, you also have the option of customising your very own meal by choosing from a large selection of toppings and spices. If you don't have the luxury of time to drop by, you'll be delighted to know that they do deliveries. MUST TRIES: Most diners visit this place to enjoy their thin-crusted wood-fired pizzas. Some of the more popular ones that are perfect for sharing with family and friends include the Isabella – which features fresh tomatoes, mozzarella, parma ham and rucola salad – and the Margherita. The latter features buffalo mozzarella, fresh tomatos and fresh basil.",+65 68846884,Thanggam,"Mon - Fri: 12:00 - 14:30 Mon - Fri: 18:00 - 22:30 Sat, Sun & PH: 12:00 - 22:30",Jalan Kayu (View all branches),$26 based on 35 submissions,"Dinner(9 votes), Lunch(8 votes), After Work(6 votes)",+65 64812453,https://twitter.com/spizza_sg http://instagram.com/spizzasg
https://www.hungrygowhere.com/singapore/TCC___The_Connoisseur__concerto_International_Building_/,TCC - The Connoisseur Concerto (International Building),$,"#01-01 International Building, 360 Orchard Road, 238869",Cafe,American • Desserts • Western,"Perched on the first floor of the International Building, TCC – or The Connoisseur Concerto – is part of a café chain that requires no introduction.",+65 68846884,Orchard,Daily: 24 Hours Eve of PH & PH: 24 Hours,International Building (View all branches),$14 based on 5 submissions,"Birthdays, Corporate Events, Dinner",Chocolate Fondant,+65 67323696
https://www.hungrygowhere.com/singapore/indian_curry_house_bukit_timah/,Indian Curry House (Bukit Timah),$$,"#01-03 Sixth Avenue Center, 805 Bukit Timah Road, 279883",Bar or Pub,Asian • Indian • North Indian • South Indian • Wine,"THE BUZZ: Welcome to India Curry House and experience one of the finest North Indian Cuisines in Singapore! Indian Curry House, established in 2008 is amongst the top authentic North Indian cuisine in Singapore. Within a few years it captured the hearts of Singaporeans and has been a reputed household name since. This is proven by our long following of regular clients.",+65 68846884,Sixth Avenue,Mon to Sun: 11.30am - 2.30pm and 6.00pm - 11.00pm,Bukit Timah (View all branches),$21 based on 7 submissions,"After Work(4 votes), Ala Carte(4 votes), Children/Family(3 votes)",+65 64636289,Food/Drink Value Service Ambience
https://www.hungrygowhere.com/singapore/forlino/,Forlino,$$$$,"#02-06 One Fullerton, 1 Fullerton Road, 049213",Restaurant,European • Italian • Western,"Featuring classic contemporary Italian cuisine, a world- class wine list, and an elegant and welcoming setting over unparalleled views of the Marina Bay, Forlino is one of Singapore’s best and most established addresses for Italian fine dining with a view. Forlino’s cuisine adds a modern approach to Italian classics using the finest seasonal produce from around the world while balancing the best of the flavours from old and new worlds.",+65 68846884,Raffles Place,Daily: 12:00 - 14:30 Daily: 18:30 - 23:00,$105 based on 136 submissions,"Dinner(62 votes), View/Scenery(54 votes), Fine Dining(53 votes)","Agnello alla Ligure, Le Due Isole, Pappardelle Vaccinara, Risotto “Rossa di Mazara"", Risotto Cacio e Pepe, Tagliolini Caivale e Merluzzo",+65 66907564,https://www.dhm.com.sg/forlino http://instagram.com/forlinosg
https://www.hungrygowhere.com/singapore/porn-s-pasir-panjang-science-park-kent-ridge/,Porn's (Alexandra Retail Centre),$,"#01-32 Alexandra Retail Centre, 460 Alexandra Road, 119963",Restaurant,Thai,"Porn's offers some of the best Thai Cuisine serving a tantalising collection of dishes that are suitable for family, large groups, catching up with friends and colleagues. From Thai Steamed Tofu to Pineapple Fish Curry, its extensive menu is reflective of the restaurant's effort to cater to every palate.",+65 68846884,Labrador Park,Daily: 11:00 - 20:30,Alexandra Retail Centre (View all branches),$10 based on 1 submission,"After Work, Ala Carte, Children/Family",http://porns.sg/ https://www.facebook.com/pg/pornsexythaifood/,Food/Drink Value Service Ambience
https://www.hungrygowhere.com/singapore/hospoda-microbrewery-bugis/,Hospoda Microbrewery,,"#01-19 Albert Court, 180 Albert Street, 189971",Restaurant,Beer • Czech • European • Western,"Best beer you probably don't know about – Mixed Beer Despite the demise of Prague Microbrewery & Restaurant, drinkers of pure and simple Czech beer don't have to worry about getting their fill. Hospoda – which means ""inn"" or ""pub"" in Czech – opened in October 2013 and serves two types of beer, light and dark (from 330ml for $10). They can also pour you a mixed beer 'float' with the two brews (from 330ml for $12). The menu here features some quality drinking food – sausages, grilled duck and prime baby pork ribs.",+65 68846884,Rochor,Daily: 16:00 - 00:00,"Chill Out, Dinner, Girls Night Out",+65 96665791 +65 98963070 +65 97558929,https://www.facebook.com/hospodamicrobrewery,Food/Drink Value Service Ambience,
https://www.hungrygowhere.com/singapore/linas-cafe-bugis-beach-road/,Lina’s Café,$,"7 Jalan Pisang, 199074",Cafe,Asian • Western,"Lina’s Café offers some of the best Asian and Western Cuisine serving a tantalising collection of dishes that are suitable for family, large groups, catching up with friends and colleagues. From Avocado Chicken Salad to Mee Rebus its extensive menu is reflective of the restaurant’s efforts to cater to every palate. This restaurant is located in Bugis along Jalan Pisang. Lina’s Café also serves Halal Certified cuisine. They promote Autism Awareness too. Come and enjoy their delicious dishes with your friends and family!",+65 68846884,Bugis,Mon: 10:00 - 19:00 Tue - Sat: 11:00 - 20:00 Closed: Sun,$15 based on 2 submissions,"Ala Carte(3 votes), Children/Family, Dinner",+65 94560992,https://www.facebook.com/pg/linascafe/,Food/Drink Value Service Ambience
https://www.hungrygowhere.com/singapore/ramen-champion/,Ramen Champion (Clark Quay Central),$$,"#03-89 The Central, 6 Eu Tong Sen Street, 059817",Restaurant,Asian • Japanese,"Ramen Champion offers some of the best Japanese cuisine in Singapore, serving a tantalising collection of dishes that are suitable for family gatherings and large groups. From Ramen to Rice Bowls its extensive menu is reflective of the restaurant’s efforts to cater to every palate.",+65 68846884,Clarke Quay,Mon - Fri: 11:00 - 15:00 Mon - Fri: 17:00 - 22:00 Sat - Sun: 11:00 - 22:00,Clark Quay Central (View all branches),$24 based on 7 submissions,"After Work, Ala Carte, Boys Night Out","Champion Tsukemen, God Ramen, Kaisen Don, Special Sapporo Miso Ramen, Tendon, Tonkotsu White Ramen",+65 62212156
https://www.hungrygowhere.com/singapore/tao-seafood-asiamarina-south/,TAO Seafood Asia,$$$,"#02-10 Asia Square Tower 2, 12 Marina View, 018961",Restaurant,Asian • Chinese • Local • Seafood • Singaporean,"Perched on the second floor of Asia Square Tower 2, Tao Seafood Asia is an elegantly furnished Chinese restaurant that's found a home in the Marina Bay precinct.",+65 68846884,Downtown,Daily: 11:30 - 14:30 Daily: 16:00 - 22:00,$55 based on 7 submissions,"Ala Carte, Dinner, Fine Dining","Chilled Jellyfish Salad, Chilli Crab Claw, Crispy Fish Skin with Salted Egg Sauce, Fish Maw and Crab Meat Soup, Pot Roasted Chicken Caramelized in Rice Wine, Pot Roasted Cod, Pot Roasted Crab with Glass Noodles, Stir Fried Fish Maw with Prawns, TAO Signature Soup with Premium Fish Maw and Crabmeat, White Pepper Crab",+65 68449969,Food/Drink Value Service Ambience
https://www.hungrygowhere.com/singapore/national-kitchen-by-violet-oon-city-hall-high-street-clarke-quay/,National Kitchen by Violet Oon,$$$,"#02-01 National Gallery Singapore, 1 Saint Andrew's Road, 178957",Restaurant,Drinks • Local • Nonya / Peranakan • Singaporean • Wine,"THE BUZZ: National Kitchen by Violet Oon offers some of the best Singaporean, Nyonya and Peranakan cuisines, serving a tantalising collection of dishes that are suitable for private dining and special gatherings. It presents a variety of salads, meat, seafood, vegetables, noodles & rice, and many more, so there is something for everyone on the menu.","#02-01 National Gallery Singapore, 1 Saint Andrew's Road, 178957 View Map","Drinks, Local, Nonya / Peranakan, Singaporean, Wine",$49 based on 13 submissions,"Business Dining(4 votes), Birthdays(3 votes), Ala Carte","Kueh Beng Kah, Malay Staple, Pineapple Upside Down Cake",+65 98349935,Food/Drink Value Service Ambience,
https://www.hungrygowhere.com/singapore/xiao-yu-cun-hougang-tai-seng-upper-serangoon/,Xiao Yu Cun (小渔村柴火鸡),,"201 Upper Paya Lebar Road, 534876",Restaurant,Chinese,Xiao Yu Cun Firewood Chicken Restaurant is located in a cosy outpost along Upper Paya Lebar Road.,+65 68846884,Bartley,Daily: 11:00 - 23:00,"After Work, Ala Carte, Dinner",+65 62822500,Food/Drink Value Service Ambience,,
https://www.hungrygowhere.com/singapore/jazz-bar-restaurant-the-southbridge-hotel-chinatown/,Jazz Bar Restaurant @The Southbridge Hotel,,"The Southbridge Hotel, 210 South Bridge Road, 058759",Bar or Pub,European • Italian • Western,"Housed within Southbridge Hotel, Jazz is an all-day dining restaurant and bar that serves modern international cuisine. Those with an affinity for decadent desserts will be delighted to know that there's a Movenpick counter for you to get your ice-cream fix. As its name implies, this well-furnished dining place also showcases entertaining live music performances on a daily basis.",+65 68846884,Chinatown,Daily: 09:00 - 02:00,"After Work, Boys Night Out, Dinner",+65 62222288,https://twitter.com/TheSouthbridgeH,Food/Drink Value Service Ambience,
https://www.hungrygowhere.com/singapore/fart-tartz-jurong-east-02-53/,Fart Tartz (JCube Mall),,"#02-53 JCube Mall, 2 Jurong East Central 1, 609731",Cafe,Desserts • Western,"Fart Tartz is a casual dining place that offers a pleasant dining experience with their menu featuring delicious Western cuisine and mouthwatering desserts ranging from tarts, cuppies or jars, and cakes. They also serve up crisp salads, healthy grilled flatbread burgers and pasta, including a variety of coffee, tea and other alcoholic and non-alcoholic beverages.",+65 68846884,Jurong East,Daily: 11:00 - 22:00,JCube Mall (View all branches),"Brunch, Children/Family, Chill Out",+65 96974236,http://www.farttartz.com https://www.facebook.com/farttartz/,Food/Drink Value Service Ambience
https://www.hungrygowhere.com/singapore/siam-thai-tuckshop-punggol/,Siam Thai Tuckshop,,"#02-05 Safra Clubhouse (punggol), 9 Sentul Crescent, 828654",Restaurant,Thai,"Siam Thai Tuckshop is an authentic Thai restaurant with a modern touch, no pork and no lard is being used in their menu to cater to the multi-racial society. Housed in a spacious retro industrial theme that offers patrons heart-warming memories of the good old days, a time where life was simple. All walks of life gathered, dining with a smile.",+65 68846884,Punggol,Tue - Sun & PH: 11:00 - 14:30 Tue - Sun & PH: 17:00 - 21:30 Last order @ 21:00 Close on Tuesday if Monday falls on a Public Holiday. Closed: Mon,"Children/Family, Dinner, Lunch",+65 63856909,http://www.siamthai.com.sg/ https://www.facebook.com/siamthaituckshop/ https://instagram.com/siamthaituckshop/,Food/Drink Value Service Ambience,
https://www.hungrygowhere.com/singapore/san-yuan-ge/,San Yuan Ge (三元閣),$$,"#02-25 International Merchandise Mart, 2 Jurong East Street 21, 609601",Restaurant,Asian • Chinese • Fusion • Singaporean,"San Yuan Ge is a casual dining place that offers a pleasant experience with their menu featuring a variety of delicious Chinese cuisine and their new menu specially created by award-winning Chef Lai. They carefully prepare each dish using only the best ingredients to make sure that the colour, flavour and texture are perfect to cater to every palate.",+65 68846884,Jurong East,Opens: Daily Lunch:12:00-15:00 (last order 14:30) Dinner: 16:00-22:00 (last order 21:30),$30 based on 1 submission,"After Work, Children/Family, Dinner","Braised Bee Hoon with Crab Meat, Chilled Chicken in Spicy Sauce, Golden Crispy Fish Skin, Golden Shimei Fritters",+65 68962621,http://www.sanyuange.com.sg https://www.facebook.com/sanyuange/
https://www.hungrygowhere.com/singapore/mookata-home-thai-kitchen-little-india/,Mookata Home Thai Kitchen,$,"#01-02 Rangoon 88, 88 Rangoon Road, 218374",Restaurant,Asian • Barbecue • Steamboat • Thai,"Mookata Home Thai Kitchen by BBQ Specialist will satisfy all your BBQ cravings. Being a BBQ food catering provider, ingredients served are specially selected to provide greatest satisfaction. There’s a huge selection of Mookata ingredients as well as cooked food such as claypot delicacies, crab noodle and our popular baby lobsters. Be it birthday celebration, company function or gathering with friends and family, they ensure that your experience would be enjoyable with their delicious offerings.",+65 68846884,Farrer Park,Mon: 17:30 - 22:30 Tue - Thu: 12:30 - 23:00 Fri - Sun: 11:30 - 23:30,$17 based on 1 submission,"After Work, Ala Carte, Dinner","Baby Lobster Noodle, Crab Noodle",+65 66352740,http://www.bbqhomespecialist.com https://www.facebook.com/BBQ-Specialist-Pte-Ltd-416081211847564/
https://www.hungrygowhere.com/singapore/pong-singapore/,PONG Singapore,$,"#01-17 The Foundry, 3B River Valley Road, 179021",Bar or Pub,Drinks,"THE BUZZ: PONG Singapore is a luxurious bar that offers delectable dishes and refreshing drinks which they thoroughly prepared using the finest and freshest ingredients that will surely satisfy your taste buds. It also brings you the fun of ""Pong"" games, slap cup, as well as other entertainment.",+65 68846884,Fort Canning,Mon - Thu: 17:30 - 02:00 Fri - Sat: 17:30 - 03:00 Sun: 17:30 - 02:00,$18 based on 1 submission,"Chill Out, Large Groups/Gathering, Night Out, World Cup Screening",+65 88087664,https://www.pongsg.com,Food/Drink Value Service Ambience
https://www.hungrygowhere.com/singapore/tcc-osc/,TCC @ OSC,,"#02-01 Orchard Shopping Centre, 321 Orchard Road, 238866",Bar or Pub,Western,"TCC, the multi-concept restaurant and bar, centrally located on the second floor of Orchard Shopping Centre, updates itself with a new concept and menu. By day, diners can look forward to its flavourful Congee · Noodles · Claypot Lunch menu; by night, customers can indulge in its full Chinese a la carte menu paired with bespoke cocktails from Elixir Bar. Other than the fanciful cocktails, Elixir Bar’s daily Happy Hours also offers pocket friendly 1-for-1 deals with prices starting from $15++.",+65 68846884,Somerset,Daily: 11:30 - 15:00 Daily: 18:00 - 22:00 Last order: Lunch: 14:30 Dinner: 21:30,"After Work, Ala Carte, Chill Out",+65 67338272,http://kuvo.com.sg/ https://www.facebook.com/KuvoSingapore/,Food/Drink Value Service Ambience,
https://www.hungrygowhere.com/singapore/red-holic-serangoon-b1-k01-k02-k05/,Red Holic (Serangoon Gardens),,"B1-K01/K02/K05 Serangoon Garden, 1 Maju Avenue, 556679",Restaurant,Korean,"Red Holic is a Korean dining place that offers a pleasant experience with their menu featuring delicious DIY tteokbokki, fritters and giant dumplings. They carefully prepare each dish using only the best ingredients to make sure that the colour, flavour and texture are perfect to cater to every palate.",+65 68846884,Lorong Chuan,Daily: 11:30 - 22:30,Serangoon Gardens (View all branches),"After Work, Children/Family, Dinner",+65 62241064,https://www.redholic.sg/?fbclid=IwAR3XXc_zGgnWJoeSi18Esj-sZ5Tu4n3CLznwk5OBd4Ma8KmuPxQQzi_Th60 https://www.facebook.com/redholicsg/,Food/Drink Value Service Ambience
https://www.hungrygowhere.com/singapore/arbora/,Arbora,$$$,"#02-00, 109 Mount Faber Road, 099203",Restaurant,Cocktails • Drinks • Juices • Western,"Arbora offers some of the best Western cuisines, serving a wide selection of palatable dishes which they carefully prepared using the finest and freshest ingredients that will surely satisfy your cravings and delight your taste buds.",+65 68846884,HarbourFront,Mon - Sun: 11:00 - 23:00,$53 based on 5 submissions,"Alfresco/Outdoor Dining, Children/Family, Large Groups/Gathering","Anti-Oxidant, Arbora Craft Beer – Summer Ale, Botanic Zest, Honey & Spice, Braised Beef Cheek, Chempedak Bread & Butter, Chilli Crab Potato Skins, Classic Caesar, Fisherman’s Stew, Rack of Lamb, Smoked Duck Mushroom Ragout, Tomahawk Pork Rib, Tropi-Kale, Wild Mushroom",https://www.onefabergroup.com/arbora,Food/Drink Value Service Ambience
https://www.hungrygowhere.com/singapore/tea-valley-tiong-bahru-outram/,Tea Valley (Tiong Bahru Plaza),,"#02-110 Tiong Bahru Plaza, 302 Tiong Bahru Road, 168732",Kiosk or Stall,Taiwanese,"THE BUZZ: Tea Valley is casual dining place that offers a delightful experience with their menu featuring a variety of authentic and traditional Taiwanese cuisine. They also have 8 ranges of beverages in 40 different flavours, made from high-quality tea leaves that come all the way from Taiwan so you can sip absolute perfection in each drink. It presents a beautiful selection of noodles, snacks, steamboat, desserts, beverages and more, so there is surely something for everyone.",+65 68846884,Tiong Bahru,Daily: 11:00 - 22:00,Tiong Bahru Plaza (View all branches),"Ala Carte, Children/Family, Dinner","Black Tea, Bubble Tea, Milk Tea, Red Tea",+65 63528285,https://teavalley.com.sg https://www.facebook.com/teavalley/ https://instagram.com/teavalley/
https://www.hungrygowhere.com/singapore/hunger-s-kitchen/,Hunger's Kitchen,$,"#01-01 Shaw Towers, 100 Beach Road, 189702",Kiosk or Stall,Local • Western,"Hunger's Kitchen is a casual dining place that offers a pleasant experience with their menu featuring a variety of delicious Western and Local cuisines. Prepared using only the freshest and most delicious ingredients, every dish in the menu is bound to satisfy your taste buds.",+65 68846884,Esplanade,Daily: 10:00 - 22:00,$13 based on 1 submission,"Children/Family, Dinner, Large Groups/Gathering",+65 81689549,Food/Drink Value Service Ambience,
https://www.hungrygowhere.com/singapore/good-taste/,Good Taste,,"#01-4100, 720 Ang Mo Kio Avenue 6, 560720",Restaurant,Chinese,"Good Taste is a casual dining place that offers a pleasant experience with their menu featuring a variety of delicious and authentic Chinese cuisine. Prepared using only the freshest and most delicious ingredients, every dish in the menu is bound to satisfy your taste buds.",+65 68846884,Yio Chu Kang,Daily: 11:00 - 22:30,"Children/Family, Dinner, Large Groups/Gathering",+65 88696973,Food/Drink Value Service Ambience,,
https://www.hungrygowhere.com/singapore/lao-huo-tang-serangoon-03-08-09/,Lao Huo Tang (NEX) (老火汤),,"#03-08/09 Nex, 23 Serangoon Central, 556083",Restaurant,Asian • Cantonese • Chinese,"Established in 2008 in Hawker Centre, Lao Huo Tang serves traditional Chinese soups that are gentle tonics made from fresh vegetables, lean meat or pork ribs and flavoured only by natural ingredients – making the soups naturally low fat, low calorie and low sodium. One distinguishing point about traditional Chinese soups are that oil, cream and butter are never used!",+65 68846884,Serangoon,Daily: 11:00 - 21:00,NEX (View all branches),"After Work, Boys Night Out, Dinner",+65 65090355,http://laohuotang.com.sg/,Food/Drink Value Service Ambience
https://www.hungrygowhere.com/singapore/radici-italiane-cantonment-tanjong-pagar-chinatown/,Radici italiane,,"27 Tanjong Pagar Road, 088450",Restaurant,Italian,"THE BUZZ: Radici italiane is a casual restaurant and bar that offers unforgettable dining experience with their menu featuring delicious and authentic Italian cuisine. It presents a beautiful selection of pizza, raviolis, fettuccines and gnocchis. Their pizzas are cooked in a brick-lined oven and straight on pizza stone. They use the best ingredients and basic cooking techniques to serve daily Italian classics and seasonal-inspired specials.",+65 68846884,Tanjong Pagar,Mon - Fri: 11:30 - 14:30 Mon - Sat: 17:30 - 22:30 Bar: Mon to Fri: 17:30 till late Closed: Sun,"Child Friendly, Large Groups/Gathering, Lunch",+65 62216761 +65 97247145,http://www.capricci.com.sg/ https://www.facebook.com/RadiciItalianeRestaurant/,Food/Drink Value Service Ambience,
https://www.hungrygowhere.com/singapore/lluvia-cafe-tanjong-pagar-raffles-place/,Lluvia Café,,"Telok Ayer Conservation Area, 145 Telok Ayer Street, 068605",Cafe,Asian • Malaysian,"Lluvia Cafe started opening its doors in November 2012. Since then, we have been dishing out value for money lunch sets for the office crowd.",+65 68846884,Telok Ayer,Mon - Fri: 11:30 - 14:00 Closed: Sat & Sun,"Ala Carte, Children/Family, Lunch",https://www.facebook.com/lluviacafesg/,Food/Drink Value Service Ambience,,
https://www.hungrygowhere.com/singapore/juice-tales-kembangan-kaki-bukit-changi-01-08/,Juice Tales,,"#01-08 Wis@changi, 116 Changi Road, 419718",Cafe,Drinks • Fruits & Drinks • Juices,"Meeting your daily vegetables and fruits needs shouldn't be so difficult. This is where Juice Tales and their cold-pressed juices come into play. If you can’t find time to eat your veggies, drink it! Their cold-pressed juices are all natural and made up of mainly vegetables.",+65 68846884,Paya Lebar,Mon - Sat: 10:00 - 19:00 Closed: Sun,"Ala Carte, Children/Family, Healthy Eating",Fruit and Vegetable Juice,+65 96810504,http://www.juicetales.com.sg/ https://www.facebook.com/juicetales,Food/Drink Value Service Ambience
https://www.hungrygowhere.com/singapore/eng-s-wantan-noodle/,ENG's Wantan Noodle (Tanjong),,"287 Tanjong Katong Road, 437070",Restaurant,Chinese,"ENG's Wantan Noodle offers some of the best Chinese Cuisine serving a tantalising collection of dishes that are suitable for family, large groups, catching up with friends and colleagues. From Wanton Mee to Wanton Noodles, its extensive menu is reflective of the restaurant’s effort to cater to every palate.",+65 68846884,Dakota,Daily: 11:00 - 21:00,Tanjong (View all branches),"Dinner, Lunch",+65 86882727,https://www.facebook.com/pg/ENGswantonnoodle/,Food/Drink Value Service Ambience
https://www.hungrygowhere.com/singapore/riders_cafe/,Riders Cafe,$$,"Bukit Timah Saddle Club, 51 Fairways Drive, 286965",Cafe,Steak and Grills • Western,"THE BUZZ: Riders Cafe offers some of the best Western cuisine in Singapore, serving a fascinating collection of dishes that are suitable for private events and simple get together with friends and family. From hearty salads to delectable steaks and grills, its extensive menu is bound to satisfy every palate.","Bukit Timah Saddle Club, 51 Fairways Drive, 286965 View Map","Steak and Grills, Western",$26 based on 193 submissions,"Brunch(95 votes), Breakfast(83 votes), Quiet(62 votes)","Breakfast Bacon Pizza, Corned Beef Croquettes, Crab cake, French Toast Sticks, Fried Chicken BLT, Hollandaise sauce, Pacific Benedict, Poached Egg, Smoked Salmon",+65 64669819,Food/Drink Value Service Ambience,
https://www.hungrygowhere.com/singapore/the_daily_scoop_sunset_way/,The Daily Scoop (Sunset Way),$,"#01-04 Clementi Arcade, 41 Sunset Way, 597071",Cafe,Desserts • Western,THE BUZZ: The Daily Scoop is one of the best spot to visit when you want to treat yourself with some well-deserved comfort food. Everyone in the family will surely enjoy their wide selection of ice cream flavours. Savour your ice cream atop a homemade brownie or a freshly baked waffle and expect bursting in flavour with every spoonful.,"#01-04 Clementi Arcade, 41 Sunset Way, 597071 View Map","Desserts, Western",Sunset Way (View all branches),$5 based on 69 submissions,"Hidden Find(17 votes), Chillout(15 votes), Quiet(15 votes)",+65 64633365,Food/Drink Value Service Ambience,
https://www.hungrygowhere.com/singapore/otto-ristorante-tanjong-pagar-raffles-place/,Otto Ristorante,$$$$,"#01-02 / 03 Maxwell Chambers, 32 Maxwell Road, 069115",Restaurant,Desserts • European • Italian • Modern European • Western,"THE BUZZ: Otto Ristorante offers some of the best Italian cuisine in Singapore, serving a fascinating collection of dishes that are suitable for private events, business dining and group gatherings. Its extensive menu, consisting of ala carte dishes, degustation, gourmet and vegetarian menu, is reflective of the restaurant’s efforts to cater to every palate.","#01-02 / 03 Maxwell Chambers, 32 Maxwell Road, 069115 View Map","Desserts, European, Italian, Modern European, Western",$89 based on 111 submissions,"Dinner(40 votes), Business Dining(32 votes), Fine Dining(32 votes)",+65 62276819,Food/Drink Value Service Ambience,,
https://www.hungrygowhere.com/singapore/wine-inn-balestier-whampoa-boon-keng/,Wine Inn,,"#01-19 Ramada Singapore At Zhongshan Park, 16 Ah Hood Road, 329984",Bar or Pub,Asian • Indian • South Indian • Western • Wine,"Wine Inn is a quaint tavern of wide variety of wines for both discerning connoisseurs and first-time drinkers who are intimately acquainted with the appreciation of wine. Drop by for good food, good wine and great conversation in a tranquil and relaxing environment where patrons can truly indulge in serenity.","#01-19 Ramada Singapore At Zhongshan Park, 16 Ah Hood Road, 329984 View Map","Asian, Indian, South Indian, Western, Wine","After Work, Alfresco/Outdoor Dining, Boys Night Out",+65 67342837,Food/Drink Value Service Ambience,,,
https://www.hungrygowhere.com/singapore/lobby-lounge-orchard-river-valley/,Lobby Lounge (Marriott Hotel),$$,"Lobby Level Singapore Marriott Tang Plaza Hotel, 320 Orchard Road, 238865",Cafe,American,Lobby Lounge is a cosy spot where you can enjoy heartwarming comfort food featuring local and Western delights. Expect indulgent signatures such as Mantou Buns with Singapore Chilli Crab Sauce and Marriott Burger.,"Lobby Level Singapore Marriott Tang Plaza Hotel, 320 Orchard Road, 238865 View Map",American,Marriott Hotel,$35 based on 1 submission,"Breakfast, Business Dining, Chill Out","Mantou Buns with Singapore Chilli Crab Sauce, Marriott Burger",+65 68314605 +65 68314551,Food/Drink Value Service Ambience
https://www.hungrygowhere.com/singapore/tampopo_deli/,Tampopo Deli (Liang Court),$,"#B1-15/16/17/18 Liang Court, 177 River Valley Road, 179030",Cafe,Asian • Japanese,"THE BUZZ: Tampopo Deli offers some of the best Japanese cuisine in Liang Court Shopping Centre, serving a fascinating collection of dishes that are suitable for family gathering and other social events. From Bento, Donburi, Curry Rice and Salads, its extensive menu is reflective of the restaurant’s efforts to cater to every palate.","#B1-15/16/17/18 Liang Court, 177 River Valley Road, 179030 View Map","Asian, Japanese",Liang Court (View all branches),$10 based on 40 submissions,"Take Away(13 votes), Lunch(10 votes), High Tea(8 votes)","Cream Crab Croquette, Pork Cheese Katsu, Pork Katsu Don, Pork Kimchi Don",+65 63387386,Food/Drink Value Service Ambience
https://www.hungrygowhere.com/singapore/thaipan_mandarin_gardens/,ThaiPan (Mandarin Gardens),$,"Mandarin Gardens, 13 Siglap Road, 448911",Restaurant,Asian • Chinese • Fusion • Thai,"THE BUZZ: ThaiPan offers some of the best Thai and Chinese cuisines in Singapore, serving a tantalizing collection of dishes that are suitable for group gatherings and casual dining. It presents a variety of dishes, so there is something for everyone on the menu.","Mandarin Gardens, 13 Siglap Road, 448911 View Map","Asian, Chinese, Fusion, Thai",Mandarin Gardens (View all branches),$10 based on 128 submissions,"Children/Family(40 votes), After Work(30 votes), Cheap Eat/Budget(26 votes)",+65 64489827,Food/Drink Value Service Ambience,
https://www.hungrygowhere.com/singapore/sushi-kou-anson-tanjong-pagar/,Sushi Kou,$$$$,"#01-16 Orchid Hotel, 1 Tras Link, 078867",Restaurant,Asian • Japanese,"Housed within Orchird Hotel in Tanjong Pagar, Sushi Kou offers value-for-money set lunches that appeal to the bustling lunchtime crowd (most of which could not get a seat at nearby Teppei).",+65 68846884,Tanjong Pagar,Daily: 11:30 - 15:00 Daily: 18:00 - 22:30,$65 based on 22 submissions,"Dinner(4 votes), After Work(3 votes), Ala Carte(3 votes)","Chawanmushi, Gai Inaniwa Udon, Homemade Pickles, Miso Soup, Omakase Meals, Sashimi, Sea Salt Ice Cream, Special Kaisen Don Set, Sushi Kou, Sushi Rice, Unagi Nasu Tempura",+65 64448433,Food/Drink Value Service Ambience
https://www.hungrygowhere.com/singapore/ash-char-tanjong-pagar-raffles-place/,Ash & Char,$$,"#01-03/04 The Clift, 21 Mccallum Street, 069047",Bar or Pub,Asian • Beer • Cocktails • Drinks • Western,"They serve up comforting Asian cuisine at lunch time, and transform into an intimate tapas bar and restaurant in the evening. Deriving their name from their favourite cooking techniques at the restaurant (namely charring and grilling), Ash & Char strives to be modern and sleek, accentuating Asian flavours with subtle nuances of smokiness.",+65 68846884,Telok Ayer,Mon - Thu: 11:00 - 00:00 Fri: 11:00 - 01:00 Sat: 17:00 - 01:00 Closed: Sun & PH,$32 based on 14 submissions,"After Work(9 votes), Ala Carte(4 votes), Anniversary(4 votes)","Rice Bowl: Mentaiko Salmon Aburi, Sides: Signature Char Siew, Steaks: Ribeye Steak, Tapas: Mayura Choco Wagyu",+65 83411951,https://www.werocgroup.com/ashandchar https://www.facebook.com/ashandchar/
https://www.hungrygowhere.com/singapore/seoul-yummy-korean-casual-dining-bugis/,Seoul Yummy (Bugis+),$$,"#04-11 Bugis+, 201 Victoria Street, 188067",Restaurant,Asian • Korean,"Seoul Yummy offers some of the best Korean cuisine in Singapore, serving a tantalising collection of dishes that are suitable for casual dining and group gatherings. Their menu consists of a wide variety of appetizers, main courses, desserts, and beverages that you can mix and match.",+65 68846884,Bugis,Daily: 11:30 - 22:00 Last order: 21:30,Bugis+ (View all branches),$24 based on 18 submissions,"After Work(9 votes), Lunch(4 votes), Ala Carte(3 votes)",Korean Ginseng Chicken Soup,+65 65096900
https://www.hungrygowhere.com/singapore/gudetama-cafe-suntec-city-hall/,Gudetama Cafe Singapore,$$,"#01-361 Suntec City Mall, 3 Temasek Boulevard, 038983",Cafe,Desserts • Drinks • Japanese,"Located at Suntec City Mall and just a few minutes away from Esplanade MRT station, Gudetama Cafe Singapore offers wholesome, comfort food and handcrafted beverages that are delectable and ""kawaii"" at the same time.",+65 68846884,Promenade,Daily: 10:00 - 22:00,$34 based on 15 submissions,"Children/Family(4 votes), Breakfast, Dinner","“Im Cold” Smoked Salmon Eggs Benedict, Gudetama Lobster Onsen, Rib I Don’t Care, Shoyu Ramen, TA-MA-GO",+65 66776195,https://www.facebook.com/pg/gudetamacafesg/ https://instagram.com/gudetamacafesg/
https://www.hungrygowhere.com/singapore/pasta-fresca-da-salvatore-ghim-moh-holland/,Pasta Fresca Da Salvatore (Royalville),$$,"#01-02/03 Royalville, 833 Bukit Timah Road, 279887",Restaurant,European • Italian • Western,"As a pioneer of bringing Italian cuisine to Singapore, Pasta Fresca has its own factory at the Pandan Loop head office where pastas, sauces and ingredients are made fresh daily. Besides producing for its own use, it also caters to major Food and Beverage outlets and other related businesses.",+65 68846884,Sixth Avenue,Mon - Sat: 11:30 - 15:00 Mon - Fri: 18:00 - 23:00 Sat: 17:00 - 23:00 Sat & Sun: 11:30 - 23:00,Royalville (View all branches),$31 based on 30 submissions,"Dinner(11 votes), Children/Family(9 votes), Lunch(8 votes)","Ai Funghi E Salsiccia, Coffee, Gelato, Italian, Mascarpone White Pizza, Pan Fried Breaded Sword Fish, Risotto Asparagi E Salmone, Squid Ink Linguine, Tagliere Misto, Tea",+65 64694920
https://www.hungrygowhere.com/singapore/indian_curry_house_east_coast/,Indian Curry House (Upper East Coast),$,"Crescendo Building, 27 Upper East Coast Road, 455211",Bar or Pub,Asian • Indian • North Indian • South Indian • Wine,"THE BUZZ: Welcome to India Curry House and experience one of the finest North Indian Cuisines in Singapore! Indian Curry House, established in 2008 is amongst the top authentic North Indian cuisine in Singapore. Within a few years it captured the hearts of Singaporeans and has been a reputed household name since. This is proven by our long following of regular clients.",+65 68846884,Bedok,Daily: 11.30am - 2.30pm and 6.00pm - 10.00pm,Upper East Coast (View all branches),$19 based on 28 submissions,"Dinner(7 votes), Quiet(6 votes), Children/Family(4 votes)",+65 64420910,Food/Drink Value Service Ambience
https://www.hungrygowhere.com/singapore/charcoal-thai-clementi-west-coast/,Charcoal Thai (321 Clementi Cinema Mall),$,"#02-08 321 Clementi, 321 Clementi Avenue 3, 129905",Restaurant,Asian • Indochinese • Thai,Charcoal Thai is a family Style Restaurant serves Thai & Seafood cuisine.,+65 68846884,Clementi,321 Clementi Cinema Mall (View all branches),$17 based on 26 submissions,"Buffet(4 votes), BBQ(3 votes), Boys Night Out(3 votes)",+65 62509298,Food/Drink Value Service Ambience,
https://www.hungrygowhere.com/singapore/sankai-japanese-restaurant-bugis/,Sankai Japanese Restaurant,$$,"#01-03, 1 Liang Seah Street, 189022",Restaurant,Asian • Japanese,Sankai is an authentic Japanese restaurant that's set along Liang Seah Street in Bugis.,+65 68846884,Bugis,Mon - Thu: 12:00 - 15:00 Mon - Thu: 18:00 - 23:00 Fri - Sat: 12:00 - 15:00 Fri - Sat: 18:00 - 00:00 Sun: 12:00 - 15:00 Sun: 18:00 - 23:00,$31 based on 21 submissions,"Ala Carte(6 votes), Dinner(6 votes), After Work(5 votes)",+65 63360384,Food/Drink Value Service Ambience,
https://www.hungrygowhere.com/singapore/shang_palace/,Shang Palace (香宫),$$$$,"Lobby Level Shangri-La Hotel, 22 Orange Grove Road, 258350",Restaurant,Asian • Cantonese • Chinese,"Shang Palace offers some of the best Chinese Cuisine serving a tantalising collection of dishes that are suitable for family gatherings, large groups, catching up with friends and colleagues. From Roast Crispy Pork Belly to Imperial Bird’s Nest its extensive menu is reflective of the restaurant’s efforts to cater to every palate.",+65 68846884,Stevens,"Mon - Fri: 12:00 - 14:30 Sat, Sun & PH: 11:00 - 15:00 Daily: 18:00 - 22:00",$62 based on 25 submissions,"Dinner(12 votes), Lunch(11 votes), Business Dining(10 votes)","Abalone and Porcini Pesto Rice Dumpling, Australian Abalon in Indian Curry Sauce, Bird’s Nest Rice Dumpling with Salted Egg Yolk and Custard, Black and White Glutinous Rice Dumpling, Gu Lou Yok, Honey Chocolate Mooncake, La Mian Seafood Roll, Sea Cucumber in Indian Curry Sauce, Sharks Fin Dumpling, Shrimp Dumpling, Siew Mai, Teochew Dumpling, Tong Sum",+65 62134473,http://www.shangri-la.com/singapore/shangrila/dining/restaurants/shang-palace/
https://www.hungrygowhere.com/singapore/aura-restaurant-city-hall-high-street-clarke-quay/,Aura Restaurant,$$$$,"#05-03 National Gallery Singapore, 1 Saint Andrew's Road, 178957",Restaurant,European • Italian • Western,"THE BUZZ: Aura Restaurant offers some of the best Italian cuisine in Singapore, serving a tantalising collection of dishes that are suitable for family, friends and large groups. From Spring Lamb Chops to Italian Seabass its extensive menu is reflective of the restaurant’s efforts to cater to every palate.","#05-03 National Gallery Singapore, 1 Saint Andrew's Road, 178957 View Map","European, Italian, Western",$84 based on 13 submissions,"Dinner(8 votes), Anniversary(7 votes), Fine Dining(7 votes)","Champagne, Creamy Buffalo Mozzarella, Fresh Roasted Vegetables, Prosecco, Red Snapper, Wagyu Beef",+65 68661977,Food/Drink Value Service Ambience,
https://www.hungrygowhere.com/singapore/waku-ghin-marina-south/,Waku Ghin,$$$$,"#02-01 Sands Expo And Convention Centre, 10 Bayfront Avenue, 018956",Restaurant,Cocktails • Drinks • European • Japanese • Wine,,"#02-01 Sands Expo And Convention Centre, 10 Bayfront Avenue, 018956 View Map","Cocktails, Drinks, European, Japanese, Wine",$518 based on 44 submissions,"Dinner(14 votes), Fine Dining(14 votes), Private Dining(9 votes)","Cocktail, Japanese and European Fine Dining, Whisky",+65 66888507,Food/Drink Value Service Ambience,
https://www.hungrygowhere.com/singapore/Latteria_Mozzarella_Bar/,Latteria Mozzarella Bar,$$$,"40 Duxton Hill, 089618",Bar or Pub,European • Italian • Western,"THE BUZZ: Latteria Mozzarella Bar offers some of the best Western and European Cuisine serving a tantalising collection of dishes that are suitable for family gatherings, large groups, catching up with friends and colleagues. From Burrata Peperonata to Baked Eggplant Parmigiana its extensive menu is reflective of the restaurant’s efforts to cater to every palate.","40 Duxton Hill, 089618 View Map","European, Italian, Western",$60 based on 37 submissions,"Alfresco/Outdoor Dining(10 votes), After Work(9 votes), Dinner(6 votes)",+65 68661988,Food/Drink Value Service Ambience,,
https://www.hungrygowhere.com/singapore/west_co_z_cafe/,West Co'z Cafe (West Coast Plaza),$,"#02-13/14/15/16/17/18/19/20/21/22/23 West Coast Plaza, 154 West Coast Road, 127371",Cafe,Chinese • Halal • Local • Singaporean • Thai,"THE BUZZ: West Co'z Cafe offers some of the best Chinese cuisine in West Coast Plaza, serving a fascinating collection of dishes that are suitable for family gatherings and other special events. From Dry Beef Kway Teow to French Beans With Dried Shrimps, its extensive menu is reflective of the restaurant’s efforts to cater to every palate.","#02-13/14/15/16/17/18/19/20/21/22/23 West Coast Plaza, 154 West Coast Road, 127371 View Map","Chinese, Halal, Local, Singaporean, Thai",West Coast Plaza (View all branches),$15 based on 46 submissions,"Dinner(9 votes), Children/Family(8 votes), Large Groups/Gathering(6 votes)","Chilli Prawn, Fish Head Curry, Fried Kailan",+65 67791303,Food/Drink Value Service Ambience
https://www.hungrygowhere.com/singapore/hard_rock_cafe_resorts_world_sentosa/,Hard Rock Cafe Sentosa (Resorts World Sentosa),$$,"#01-209 Resorts World Sentosa The Forum, 26 Sentosa Gateway, 098138",Restaurant,American • Western,"Nestled within Resorts World Sentosa, Hard Rock Cafe Singapore is part of an iconic restaurant chain that needs no introduction.",+65 68846884,HarbourFront,Daily: 11:00 - 01:00,Resorts World Sentosa (View all branches),$32 based on 28 submissions,"Dinner(12 votes), After Work(11 votes), Vibrant/Noisy(11 votes)",+65 67957454,http://www.hardrock.com/cafes/sentosa/ https://www.facebook.com/HardRockCafeSentosa https://instagram.com/hardrockcafesentosa/
https://www.hungrygowhere.com/singapore/tonkichi_tampines_mall/,Tonkichi (Tampines Mall) (とん吉),$$,"#03-26/27 Tampines Mall, 4 Tampines Central 5, 529510",Restaurant,Asian • Japanese,"Tonkichi has started to serve authentic Japanese Tonkatsu since 1992. They always serve Tonkatsu from scratch. Once an order has been taken, the kitchen staff would then starts to prepare, so it is fresh from the fryer.",+65 68846884,Tampines,Daily: 11:00 - 22:00,Tampines Mall (View all branches),$23 based on 24 submissions,"Dinner(9 votes), Children/Family(6 votes), Lunch(6 votes)","Dashi Maki Tamago, Hire Katsu, Oyster and Rosu Katsu, The Oyster and Rosu Set",+65 67891726
https://www.hungrygowhere.com/singapore/the-clifford-pier-raffles-place-boat-quay/,The Clifford Pier,$$$,"Clifford Pier / The Fullerton Bay Hotel, 80 Collyer Quay, 049326",Restaurant,Local • Western,"Occupying the space of the original Clifford Pier, our dining destination at The Fullerton Bay Hotel Singapore preserves the pier’s hawker culture while honouring its historical role as the landing point of Singapore’s forefathers. On the menu are the best of Singapore’s culinary delicacies represented by a melting pot of diverse cultures including Western classics. One of our signature dishes includes sop kambing, a traditional mutton soup infused with local spices.",+65 68846884,Raffles Place,"Monday – Friday: Lunch: 12:00 - 14:30 Singapore Heritage Afternoon Tea: 15:30 - 17:30 Dinner: 18:30 - 22:00 Saturday, Sunday & PH: Heritage Dim Sum Brunch: 11:00 - 14:00 Singapore Heritage Afternoon Tea: 15:00 - 17:00 Dinner: 18:30 - 22:30 Piano Performance Mon to Sat, 15:00 to 17:00 Mon to Sat, 20:00 to 22:30 Sat & Sun, 13:00 to 14:30 Sun, 15:00 to 17:00 Sun, 19:00 to 22:00 The Clifford Pier Al Fresco Bar Sun to Thur, Open till 00:00 Fri, Sat & Eve of PH, Open till 01:00",$48 based on 25 submissions,"Anniversary(7 votes), Ala Carte(5 votes), Alfresco/Outdoor Dining(5 votes)","Afternoon Heritage Tea, Char Kway Teow, Chicken Satay Platter with Prawn Crackers and Sweet Garlic Dip, Fried Carrot Cake & Sweet Soy Prawns, Lobster Roll, Merlion Cocktail, Ngoh Hiang, Nonya Popiah, Profiteroles, Pulut Hitam with Vanilla Ice Cream, Rojak, Soup Kambing, The Pier Kong Ba Bao, The Pier Laksa, The Pier Lobster Roll, Virgin Red Lantern and Kumquat Mojito, Wagyu Beef Rendang",+65 68778911 +65 68778912,Food/Drink Value Service Ambience
https://www.hungrygowhere.com/singapore/eatzi_steakhouse_bistro_safra_yishun/,Eatzi Steakhouse & Bistro (Safra Yishun),$$,"Safra Country Club, 60 Yishun Ave 4, 769027",Restaurant,Halal • Western,"Perched on level one of SAFRA Yishun, Eatzi Gourmet is a halal-certified bistro by renowned restaurant chain Jack's Place. It offers a great selection of Asian fusion and Western cuisine, serving everything from succulent steaks and savoury pastas to ice cream and waffles.",+65 68846884,Khatib,Daily: 11:00 - 22:00,Safra Yishun (View all branches),$24 based on 25 submissions,"Lunch(7 votes), Dinner(6 votes), Large Groups/Gathering(5 votes)","Braised Lamb Shank, Eatzi, Eye Fillet Steak, Value Set Lunches",+65 68528270
https://www.hungrygowhere.com/singapore/kopi_tiam_swissotel/,Kopi Tiam,$$,"Level 2 Swissotel The Stamford, 2 Stamford Road, 178882",Restaurant,Asian • Local • Singaporean,"Explore the multi-cultural flavours of Singapore at Kopi Tiam, undoubtedly the perfect place for locals and tourists. Savour specialities such as Chilli Crab and Hainanese Chicken Rice or all-time favourites like the Fish Head Curry and Laksa which continue to delight those craving for Singapore’s signature dishes.",+65 68846884,"City Hall, Esplanade","Opens: A la carte Lunch: Mon - Fri: 11:30 - 14:30 Sat, Sun & PH: 12:00 - 14:30 A la carte Dinner: Daily: 18:00 - 22:30",$32 based on 22 submissions,"Lunch(8 votes), Dinner(7 votes), Large Groups/Gathering(6 votes)",+65 64316156,Food/Drink Value Service Ambience,
https://www.hungrygowhere.com/singapore/jamie-s-italian-orchard-river-valley-01-04/,Jamie's Italian (Forum),$$$,"#01-01/04 Forum The Shopping Mall, 583 Orchard Road, 238884",Restaurant,Italian • Pizza,"Jamie’s Italian in Singapore celebrates fresh, sustainable, seasonal and impeccably sourced ingredients, with affordable dishes that the whole family can enjoy. Each restaurant makes fresh pasta, on-site, every day with our special Ferrari-red pasta machines imported from Italy. The restaurants were designed to have a neighbourhood feel and celebrate the ‘Italian table’, or the Italian way of dining, where families come together to relax and share each other’s food and company.",+65 68846884,Orchard,Mon - Thu: 11:30 - 22:00 Fri - Sat: 11:30 - 23:00 Sun: 11:30 - 22:00,Forum (View all branches),$56 based on 16 submissions,"After Work(3 votes), Ala Carte(3 votes), Children/Family(3 votes)","Pimped Margherita Pizza, Spinach & Ricotta Ravioli, Wild Mushroom Risotto",+65 66557676
https://www.hungrygowhere.com/singapore/pastry_palette_gift_shop/,Pastry Palette,$,"Lobby Level Conrad Centennial Singapore, 2 Temasek Boulevard, 038982",Confectionery or Bakery,,,"Lobby Level Conrad Centennial Singapore, 2 Temasek Boulevard, 038982 View Map",Daily: 10.00am - 10.00pm,"Night Out, Takeaway",+65 64327309,Food/Drink Value Service Ambience,,,
https://www.hungrygowhere.com/singapore/il_Cielo__Hilton_Singapore_/,il Cielo (Hilton Singapore),$$$$,"Level 24 Hilton Hotel Singapore, 581 Orchard Road, 238883",Bar or Pub,Desserts • European • Italian • Western • Wine,Rediscover the flavors of Italy with modern incarnations on classic Italian specialties.,"Level 24 Hilton Hotel Singapore, 581 Orchard Road, 238883 View Map","Desserts, European, Italian, Western, Wine",$114 based on 14 submissions,"Dinner(5 votes), Quiet(5 votes), Alfresco/Outdoor Dining(4 votes)",+65 67303390 +65 67303395,Food/Drink Value Service Ambience,,
https://www.hungrygowhere.com/singapore/ash-elm-bugis/,Ash & Elm,$$$$,"L1 InterContinental Singapore, 80 Middle Road, 188966",Restaurant,European • Steak and Grills • Western,"Boldly symbolic of wood-fire and glowing embers reduced from searing heat, Ash & Elm is a vibrant restaurant focused on European dining. Set within a striking venue that embraces the spontaneity and energy of a brasserie, Ash & Elm comprises three exciting culinary theatres including a charcuterie and cheese room, wood-fired oven and an open charcoal-grill kitchen. Offering a selection of sharing platters, house-cured and premium meats, as well as sustainably-sourced seafood, primed with the traditional craft of classic wood-fired ovens and charcoal-grill, Ash & Elm prides itself on the use of fine produce sourced from around the world. A medley of classic creations redefined with fresh touches, is complemented by a wine list of over 100 different labels of wines, handpicked from renowned regions. An open dining concept which brings culinary action to life, guests can expect an interactive dining experience at Ash & Elm.","L1 InterContinental Singapore, 80 Middle Road, 188966 View Map","European, Steak and Grills, Western",$70 based on 14 submissions,"Birthdays(4 votes), Dinner(4 votes), Ala Carte(3 votes)","Apple Tatin, Chargrilled Australian Angus Beef Rib Eye, Chocolate Hazelnut Pizza, French Free-Range Yellow Chicken Supreme, Linguini with Porcini, New York Striploin, Peach Melba, Penne Pasta with Mixed Vegetables, Risotto with Asparagus and Parmigiano Reggiano, Roasted Lemon-Rosemary Chicken, Scottish Salmon Fillet, Yuzu Citrus Combination",+65 68251008 +65 63387600,Food/Drink Value Service Ambience,
https://www.hungrygowhere.com/singapore/ah-hua-kelong/,Ah Hua Kelong,,"15-9 Jalan Riang, 358987",Restaurant,Seafood,"Ah Hua Kelong is a casual dining place that offers a pleasant experience with their menu featuring a variety of delicious seafoods. Prepared using only the freshest and most delicious ingredients, every dish in the menu is bound to satisfy your taste buds.",+65 68846884,Lorong Chuan,Tue - Sun: 12:00 - 15:00 Tue - Sun: 17:00 - 22:00 Closed: Mon,"Children/Family, Dinner, Large Groups/Gathering",+65 86553074,http://ahhuakelong.com https://www.facebook.com/kelongfish/,Food/Drink Value Service Ambience,
https://www.hungrygowhere.com/singapore/winestone-orchard-bukit-timah/,Winestone (Dine at Stevens),$$,"#01-09 Dine at Stevens, 30 Stevens Road, 257840",Bar or Pub,Drinks • Mediterranean • Pizza • Western • Wine,"Winestone is a Modern European restaurant, late-night bar and wine retail store, serving affordable wines and authentic European cuisine. Dishes served take on their inspiration from the coast of the Mediterranean sea, and even across to the British Isles. The name of the restaurant reflects the idea of the outlet, a new distinguishing concept with two elements: the wine selection created out of the experience and the knowledge of its wine ambassadors and signature meals served on stone boards.",+65 68846884,Stevens,Opens: Lunch Mon-Sat: 12:00-14:30 Dinner Mon-Sat: 18:00-00:00 (Last Order of Food: 22:00) Bar Snacks: 22:00-00:00,Dine at Stevens,$23 based on 2 submissions,"Chill Out, Relaxed",+65 64916100,http://www.winestone.com.sg https://www.facebook.com/winestone.sg https://instagram.com/winestone.sg/
https://www.hungrygowhere.com/singapore/red-holic/,Red Holic (Tanjong Pagar),,"88 Tanjong Pagar Road, 088509",Restaurant,Korean,"Red Holic is a Korean dining place that offers a pleasant experience with their menu featuring delicious DIY tteokbokki, fritters and giant dumplings. They carefully prepare each dish using only the best ingredients to make sure that the colour, flavour and texture are perfect to cater to every palate.",+65 68846884,Tanjong Pagar,Mon - Sat: 11:30 - 02:00 Sun: 11:30 - 23:00,Tanjong Pagar (View all branches),"After Work, Children/Family, Dinner","Cheesy Tteokbokki, Giant Mandu",+65 62241064,https://www.redholic.sg/ https://www.facebook.com/redholicsg/
https://www.hungrygowhere.com/singapore/bistro-duo/,Bistro @ Duo,$$$,"#01-25/26 Duo Galleria, 7 Fraser Street, 189356",Bar or Pub,Western,"Bistro @ Duo offers some of the best Western Cuisine serving a tantalising collection of dishes that are suitable for family, large groups, catching up with friends and colleagues. From Caesar Salad to Spam Fries, its extensive menu is reflective of the restaurant’s efforts to cater to every palate.",+65 68846884,Bugis,Mon - Sat: 12:00 - 00:00 Sun: 12:00 - 23:00,$51 based on 1 submission,"Chill Out, Dinner, Lunch, World Cup Screening",+65 83884891,http://bistro.sg/ https://www.facebook.com/pg/bistroduosingapore/ https://instagram.com/bistroduo/,Food/Drink Value Service Ambience
https://www.hungrygowhere.com/singapore/hometown-cuisine-toa-payoh/,Hometown Cuisine,,"#01-572 Toa Payoh Central, 190 Lorong 6 Toa Payoh, 310190",Restaurant,Asian • Chinese,Hometown Cuisine serves authentic Xi An food.,+65 68846884,Toa Payoh,Daily: 11:00 - 21:00,+65 90904212,Food/Drink Value Service Ambience,,,
https://www.hungrygowhere.com/singapore/sque-kitchen-alehouse/,SQUE Kitchen & Alehouse,,"#02-40 Mapletree Business City, 40 Pasir Panjang Road, 117373",Bar or Pub,Western,"THE BUZZ: SQUE Kitchen & Alehouse offers some of the best Western Cuisine serving a tantalising collection of dishes that are suitable for large groups, friends and colleagues. From Grilled Pork to Pork Knuckle with Special Asian Dip, its extensive menu is reflective of the bar’s effort to cater to every palate.",+65 68846884,Labrador Park,"Mon - Thu: 11:00 - 22:00 Fri - Eve of PH: 11:00 - 23:00 Closed: Sat, Sun & PH","Dinner, Lunch",+65 62625545,http://www.sque.com.sg/ https://www.facebook.com/pg/sque.sg/,Food/Drink Value Service Ambience,
https://www.hungrygowhere.com/singapore/streats-hong-kong-cafe-bedok-chai-chee-upper-changi/,Streats (Bedok Mall) (街头茶餐厅),,"#01-75/76 Bedok Mall, 311 New Upper Changi Road, 467360",Cafe,Halal • Hong Kong,"The idea behind Streats is based on a “Cha Chan Teng”, also known as Hong Kong cafe in Chinese. Streats cafes serve a number of Hong Kong specialities such as “Pumpkin Fries with Salted Egg Yolk Batter”, “Hong Kong Shrimp Dumpling Noodles (Soup)” and “Hot Coke with Ginger, and retain the concept of “small dishes” to preserve the Hong Kong identity.",+65 68846884,Bedok,Bedok Mall (View all branches),"After Work, Brunch, Cheap Eat/Budget","Curry Chicken with Rice / Bread, Diced Chicken with Sambal Ginger & Onion, Grilled Egg Plant with BBQ Sauce, Seafood with Sambal / Ginger Onion, Stir-fried Six Treasures, Sweet & Sour Chicken / Sliced Fish, Szechuan Spicy French Bean with Minced Chicken",+65 67023603,https://www.streats.com.sg/ http://www.streatsdelivery.com.sg/ https://www.facebook.com/pg/StreatsHongKongCafe/,Food/Drink Value Service Ambience
https://www.hungrygowhere.com/singapore/fish-co-city-hall-high-street-clarke-quay-b1-63-64/,Fish & Co. (Raffles City),$$,"#B1-63/64, 252 North Bridge Road, 179103",Fast Food Place,Fusion • Halal • Western,"Fish & Co. is a casual, full service, family chain restaurant serving fresh seafood in a pan. The Fish & Co. dining experience is said to be inspired by the simple practices of the fishermen in the Mediterranean Sea, who ate freshly caught seafood off the pan. The chain promises only the freshest seafood, as well as natural and wholesome ingredients like trans-fat free oil, herbs, olive oil and various spices from around the world.",+65 68846884,City Hall,Daily: 11:30 - 23:00,Raffles City (View all branches),$26 based on 1 submission,"Children/Family, Dinner, Large Groups","Best Fish & Chips, Black Pepper Chicken Pizza, Carribbean Cajun Broth Pot, Danish Fish & Chips, Deep-fried Swordfish Collar, Fried Calamari, Grilled Peri-peri Prawns, Mussels with GLBS, New York Fish & Chips, Seafood Platter, Shrimp and Clams Aglio Olio, White Fish with Ebiko Gratin",+65 62554971
https://www.hungrygowhere.com/singapore/so-pho-woodlands/,So Pho (Causeway Point),,"#B1-16 Causeway Point, 1 Woodlands Square, 738099",Restaurant,Vietnamese,"“Pho”, pronounced as “fur”, means noodle soup in Vietnamese and is a famous street food in Vietnam. Beyond noodle soup and other popular Vietnamese street food, So Pho offers authentic Vietnamese dishes in a casual and contemporary setting at reasonable prices.",+65 68846884,Woodlands,Daily: 11:00 - 22:00,Causeway Point (View all branches),"Children/Family, Dinner, Large Groups/Gathering",+65 67600754,http://www.sopho.com.sg https://www.facebook.com/sophosogood/,Food/Drink Value Service Ambience
https://www.hungrygowhere.com/singapore/gelare-cafe-yishun/,Geláre (Yishun 10),,"#01-06/K2 Yishun 10, 51 Yishun Central 1, 768794",Cafe,Desserts • Halal • Western,"Located at Yishun 10 Complex and just a few minutes away from Yishun MRT station, Gelare Cafe is the best place for desserts, specialising in gourmet ice cream. Satisfy your taste buds with a wide range of Halal-Certified waffles, ice cream and hot food with Geláre.",+65 68846884,Yishun,Mon - Fri: 11:30 - 22:00 Sat & Sun: 11:00 - 22:00,Yishun 10 (View all branches),"Children/Family, Dinner, Large Groups","Classic Waffle À La Mode, Creamy Mushroom, Iced Lemon Tea",+65 64811225,http://www.gelare.com.sg/ http://www.facebook.com/GelareSG https://instagram.com/GelareSG
https://www.hungrygowhere.com/singapore/khao-san-clementi-west-coast/,Khao San (Clementi),,"#01-01, 208C Clementi Avenue 6, 123208",Kiosk or Stall,Thai,"THE BUZZ: Inspired & named after one of the many popular streets in Bangkok, Khao San offers a wealth of authentic Thai food without losing any of its native roots at affordable prices.",+65 68846884,Clementi,Daily - Eve of PH & PH: 06:30 - 23:30,Clementi (View all branches),"After Work, Children/Family, Dinner",https://www.facebook.com/khaosansg/,Food/Drink Value Service Ambience,
https://www.hungrygowhere.com/singapore/coachman-inn-restaurant-changi-village-loyang/,Coachman Inn Restaurant,,"32 Netheravon Road, 508508",Restaurant,Asian • Local • Singaporean • Western,Coachman Inn Restaurant is located at the east end of Singapore near Changi Village. A perfect place to enjoy a lovely sunset and to take a break from the busy city life.,+65 68846884,Pasir Ris,Daily: 10:00 - 22:00,"Brunch, Children/Family, Dinner",+65 62149600,https://www.coachmaninnrestaurant.com/ https://www.facebook.com/pg/coachmaninnrestaurant https://instagram.com/coachmaninnrestaurant/,Food/Drink Value Service Ambience,
https://www.hungrygowhere.com/singapore/solo-ristorante/,Solo Ristorante,$$$$,"45 Amoy Street, 069871",Restaurant,European • Italian • Western,"Solo Ristorante is an open kitchen concept restaurant that offers a delightful experience with their menu featuring a variety of delicious Italian, Western and European cuisines. They carefully prepare each dish using only the best ingredients to make sure that the colour, flavour and texture are perfect to cater to every palate.",+65 68846884,Telok Ayer,Mon - Sat: 12:00 - 14:30 Mon - Sat: 18:00 - 22:00 Closed: Sun,$109 based on 1 submission,"Children/Family, Dinner, Large Groups/Gathering",+65 96101861,https://www.facebook.com/Solo-Ristorante-1985117464878137/,Food/Drink Value Service Ambience
https://www.hungrygowhere.com/singapore/streats-hong-kong-cafe-tampines-simei/,Streats (Tampines 1) (街头茶餐厅),,"#B1-05 Tampines 1, 10 Tampines Central 1, 529536",Cafe,Halal • Hong Kong,"The idea behind Streats is based on a “Cha Chan Teng”, also known as Hong Kong cafe in Chinese. Streats cafes serve a number of Hong Kong specialities such as “Pumpkin Fries with Salted Egg Yolk Batter”, “Hong Kong Shrimp Dumpling Noodles (Soup)” and “Hot Coke with Ginger, and retain the concept of “small dishes” to preserve the Hong Kong identity.",+65 68846884,Tampines,Daily: 11:00 - 22:00,Tampines 1 (View all branches),"After Work, Brunch, Cheap Eat/Budget","Curry Chicken with Rice / Bread, Diced Chicken with Sambal Ginger & Onion, Grilled Egg Plant with BBQ Sauce, Seafood with Sambal / Ginger Onion, Stir-fried Six Treasures, Sweet & Sour Chicken / Sliced Fish, Szechuan Spicy French Bean with Minced Chicken",+65 65098108,https://streats.com.sg/
https://www.hungrygowhere.com/singapore/siam-square-mookata-bugis-beach-road/,Siam Square Mookata (Golden Mile Tower),,"#B1-63 Golden Mile Tower, 6001 Beach Road, 199589",Kiosk or Stall,Barbecue • Steamboat • Thai,"THE BUZZ: With eight outlets and counting, Siam Square Mookata is quite possibly the biggest mookata buffet chain on the island. At $29 per person, diners can order almost everything on the a la carte menu, except for pricier items such as scallops, oysters, and smoked duck etc. The pricer items are $2.80 per plate as compared to $1.80 per plate for the standard items on the a la carte menu. Expect offerings such as succulent tiger kind prawns imported directly from Thailand, teriyaki pork neck, their signature homemade chilli sauce, and sometimes special menu items at various outlets such as shishamo, papaya salad, prawn sashimi and so on.",+65 68846884,Nicoll Highway,Daily: 15:00 - 05:00,Golden Mile Tower (View all branches),"After Work, Dinner, Healthy Eating",Mookata,+65 98569934 +65 81196664,http://siamsquaremookata.com.sg/ https://www.facebook.com/Siam-Square-Mookata-Golden-Mile-Tower-461286590707158/
https://www.hungrygowhere.com/singapore/you-ma-you-la-clementi-west-coast-02-05-06-07/,You Ma You La Ma La Hotpot (Clementi),,"#02-05/06/07 Grantral Mall @ Clementi Building, 3151 Commonwealth Avenue West, 129581",Kiosk or Stall,Chinese,"You Ma You La Ma La Hotpot offers some of the best Chinese Cuisine serving a tantalising collection of dishes that are suitable for family, large groups, catching up with friends and colleagues.",+65 68846884,Clementi,Daily: 11:00 - 22:00,Clementi (View all branches),"Dinner, Lunch",Food/Drink Value Service Ambience,,
https://www.hungrygowhere.com/singapore/sunny-choice/,Sunny Choice (Bukit Batok),,"#01-154, 630 Bukit Batok Central, 650630",Cafe,Asian • Fusion • Vegetarian,"Sunny Choice offers some of the best Asian Fusion and Vegetarian Cuisine serving a tantalising collection of dishes that are suitable for family, large groups, catching up with friends and colleagues. From Bak Kut Teh Rice Noodle to Pineapple Fried Rice its extensive menu is reflective of the cafe's efforts to cater to every palate.",+65 68846884,Bukit Batok,Tue - Sun: 10:00 - 21:00 Closed: Mon,Bukit Batok (View all branches),"Brunch, Dinner, Healthy Eating",+65 68990918,http://sunnychoice.com.sg/ https://www.facebook.com/pg/SunnyChoice,Food/Drink Value Service Ambience
https://www.hungrygowhere.com/singapore/washoku-cafe-macpherson-kallang/,Washoku Cafe,,"#01-27 The Venue Shoppes, 2 Tai Thong Crescent, 347836",Cafe,Fusion • Japanese,"THE BUZZ: Washoku Cafe casual dining place that offers a pleasant experience with their menu featuring a variety of delicious Japanese Fusion cuisine. They carefully prepare each dish using only the best ingredients to make sure that the colour, flavour and texture are perfect to cater to every palate.",+65 68846884,Potong Pasir,Daily: 11:00 - 23:00,"Children/Family, Dinner, Large Groups/Gathering",+65 62826863,https://www.facebook.com/Washoku-Cafe-149854138996792/ https://instagram.com/washokucafe/,Food/Drink Value Service Ambience,
https://www.hungrygowhere.com/singapore/the-beef-station/,The Beef Station,,"#01-05 The Venue Shoppes, 2 Tai Thong Crescent, 347836",Restaurant,Chinese • Hainanese,"THE BUZZ: New look, greater taste! Visit us from Tuesday to Sunday, 11.00AM to 9.30PM (last order at 9.00PM) for slurpy beef-licious Hainanese style beef noodles and more!",+65 68846884,Potong Pasir,Tue - Sun: 11:00 - 21:30 Last order: 21:00 Closed: Mon,"Ala Carte, Children/Family, Dinner",+65 63849149,http://thebeefstation.com.sg/ https://www.facebook.com/thebeefstationsg/ https://instagram.com/thebeefstationsg/,Food/Drink Value Service Ambience,
https://www.hungrygowhere.com/singapore/rong-hua-bak-kut-teh-punggol/,Rong Hua Bak Kut Teh (Waterway Point) (榮華肉骨茶),,"#B1-23 Waterway Point, 83 Punggol Central, 828761",Restaurant,Asian • Chinese • Local,"Rong Hua Bak Kut Teh offers some of the best Chinese Cuisine serving a tantalising collection of dishes that are suitable for family, large groups, catching up with friends and colleagues. From Bak Kut Teh to Kong Bak Pau its extensive menu is reflective of the restaurant’s efforts to cater to every palate. This restaurant is located in Waterway Point along Punggol Central. The originating roots of ""Rong Hua Bak Kut Teh"" can be traced back all the way to the 1920s, when our founding grandfather, Mr Chua Ah Hua migrated to Singapore or Nanyang in search of a better life and fortune for his family. When Mr Chua arrived in Singapore, Bak Kut Teh was already being served by the Teochews around Char Jung Tao (Clarke Quay).",+65 68846884,Punggol,Daily: 10:30 - 22:00,Waterway Point,"Dinner, Lunch",Pork Ribs Soup,+65 63858765,http://www.ronghua.com.sg/ https://www.facebook.com/RongHuaBKT
https://www.hungrygowhere.com/singapore/yi-ke-guan-joo-chiat-katong-east-coast/,Yi Ke Guan,,"57 East Coast Road, 428773",Restaurant,Local • Singaporean,"THE BUZZ: If you enjoy local delights like Mee Siam and Mutton Soup and sumptuously prepared steamboat, Yi Ke Guan is the best restaurant in SG to provide you with this favourite cuisine of Singaporeans. Deliciously and lavishly prepared with a wide range of ingredients and appetizing broth will give you a good reason to have this hearty meal with your family. Avoid the laborious process of preparation, call us now and we will give you and your family a fulfilling lunch or dinner.",+65 68846884,Dakota,Mon - Thu: 10:00 - 22:00 Fri - Sun: 10:00 - 22:30,"Brunch, Children/Family, Dinner","Mee Rebus, Mee Siam",+65 69246195,https://www.facebook.com/yikeguansg/,Food/Drink Value Service Ambience
https://www.hungrygowhere.com/singapore/stickies-bar-sunset-lane-clementi-west-coast/,Stickies Bar @ Sunset Lane (Sunset Lane),$$,"#01-50 Sunset Way Residence, 106 Clementi Street 12, 120106",Bar or Pub,Beer • Drinks • Western,Stickies Bar is a casual-dining restaurant that offers an absolutely yummy Western menu.,+65 68846884,Clementi,Daily: 12:00 - 00:00,Sunset Lane (View all branches),$30 based on 4 submissions,"After Work, Chill Out","Beer, Beer Pong, Birthday Cake Shots Platter, Bottled Beers, Draught Beers",+65 62526588
https://www.hungrygowhere.com/singapore/stray-by-fat-cat-orchard-river-valley/,STRAY by Fat Cat,$$,"#04-22A/23 Orchard Central, 181 Orchard Road, 238896",Cafe,Asian • Chinese • Western,"Located on the fourth floor of Orchard Central on Orchard Road, STRAY by FatCat is a contemporary restaurant serving progressive Chinese cuisine.",+65 68846884,Somerset,"Daily: 12:00 - 21:00 Mon-Fri: Lunch: 12:00 - 14:00 Dinner: 18:00 - 21:00 Small bites, desserts and drinks available between 14:00 to 18:00. Sat & Sun: Full day lunch and dinner menu available.",$32 based on 11 submissions,"After Work(5 votes), Children/Family, Dinner","Easy As ABC, Keep Popping Spheres, Salmon Yu-sheng Bowl, Salted Egg Chicken Waffles",+65 68357317,https://www.facebook.com/pg/straybyfatcat/ https://instagram.com/stray.sg/
https://www.hungrygowhere.com/singapore/prague-microbrewery-restaurant/,Prague Microbrewery & Restaurant,,"#01-03 Dorsett Residences, 331 New Bridge Road, 088764",Bar or Pub,Asian • Beer • Czech • European • Nonya / Peranakan • Western • Wine,Welcome to Singapore's first Czech Microbrewery and Restaurant.,+65 68846884,Outram Park,"After Work, Alfresco/Outdoor Dining, Boys Night Out",+65 65384475,Food/Drink Value Service Ambience,,,
https://www.hungrygowhere.com/singapore/TCC___The_Connoisseur_Concerto__Marina_Bay_Sands_/,TCC - The Connoisseur Concerto (Marina Bay Sands),$$,"#B2-120/120A The Shoppes at Marina Bay Sands, 2 Bayfront Avenue, 018972",Cafe,American • Desserts • Western,"Enjoying a luxurious location at Marina Bay Sands, TCC – or The Connoisseur Concerto – is part of a café chain that requires no introduction.",+65 68846884,Bayfront,Mon - Thu: 10:00 - 23:00 Fri - Sat: 10:00 - 00:00 Sun: 10:00 - 23:00,Marina Bay Sands (View all branches),$29 based on 8 submissions,"Chillout(3 votes), Birthdays, Corporate Events","Azuki Coffee, Castle in the Clouds, O, Ribeye Steak",+65 66887392
https://www.hungrygowhere.com/singapore/koon-bak-kut-teh-bendemeer-kallang-boon-keng-/,Koon Bak Kut Teh (Lavender Street) (坤肉骨茶),$,"119 Lavender Street, 338731",Bar or Pub,Chinese • Drinks,"Koon Bak Kut Teh serves affordable Bak Kut Teh. To bring out the flavour, the soup is slow cooked, fresh daily. Other soup varieties are also available at Koon Bak Kut Teh such as the Pepper Pork Tripe Soup, Lotus Root Pork Rib Soup and Egg & Tomato Soup.",+65 68846884,Bendemeer,Daily - PH: 10:30 - 03:00,Lavender Street (View all branches),$11 based on 4 submissions,"Children/Family, Dinner, Large Groups",+65 62990119,https://www.facebook.com/koonbktcafe/
https://www.hungrygowhere.com/singapore/madura_s_restaurant/,Madura's Restaurant (Syed Alwi),$,"115 Syed Alwi Road, 207683",Restaurant,Asian • Halal • Indian • North Indian • South Indian,"THE BUZZ: Madura's Restaurant is a Halal-certified restaurant in Singapore that offers some of the best Indian cuisines, serving a wide selection of palatable dishes which they carefully prepared using the finest and freshest ingredients to make sure that everything is perfect to cater to every palate and satisfy your taste buds.",+65 68846884,Farrer Park,Daily: 11:00 - 02:00,Syed Alwi (View all branches),$16 based on 10 submissions,"After Work(4 votes), Ala Carte(3 votes), Dinner(3 votes)","Chicken Dum Briyani, Chicken Tikka Masala, Chilli Pomfret, Kebab Platter, Mutton Rogan Josh",+65 62941268
https://www.hungrygowhere.com/singapore/captain-k-seafood-tower-bugis/,Captain K Seafood Tower (Middle Road),$$$,"#01-00 Midland House, 112 Middle Road, 188970",Restaurant,Asian • Korean • Seafood • Steamboat,"Captain K Seafood Tower, has been making headlines for being one of the few restaurants on the island to offer the #trending Korean-style steamed seafood tower.",+65 68846884,Bugis,Mon: 17:30 to 23:00 Tue to Thu: 11:30 to 15:00 17:30 to 23:00 Fri: 11:30 to 15:00 17:30 to 01:00 Sat: 11:30 to 15:00 17:00 to 01:00 Sun: 11:30 to 15:00 17:00 to 23:00,Middle Road (View all branches),$48 based on 3 submissions,"Dinner, Large Groups/Gathering, Lunch","9-Tier Seafood Tower, Chicken Ginseng Broth, Hotpot, Housemade Korean Kimchi Stew, Kombu Dashi, Lobster, Oyster, Scallop, Squid Stuffed with Rice, Steamboat",+65 62555744
https://www.hungrygowhere.com/singapore/dusk-restaurant-bar/,Dusk Restaurant & Bar,$$$,"Level 2 Faber Peak, 109 Mount Faber Road, 099203",Restaurant,European • Wine,"Located 100‑metres above sea level at Faber Peak Singapore and surrounded by lush rainforest, Dusk Restaurant & Bar is an ideal destination on the hilltop at Mount Faber to capture the best view of sunsets in the city-state. A place like no other, patrons entering the restaurant are enveloped in an atmosphere of laidback elegance in an alfresco setting. Specializing in European Tapas and with a great selection of wines, the restaurant is curated specially for communal dining, complete with instragram-worthy cocktails, views and photo points to take in with your favourite people!",+65 68846884,HarbourFront,Mon - Thu: 16:00 - 23:00 Fri - Sat: 16:00 - 02:00 Sun: 11:00 - 23:00 Eve of PH & PH: 16:00 - 02:00,$58 based on 4 submissions,"Alfresco/Outdoor Dining, Brunch, Dinner","Citrus Fremantle Octopus, Cote de Boeuf, Dusk till Dawn, Flambe Baked Alaska, Foie Gras au Gratin, Forest Mushrooms in Sherry, Nitro-Frost Caviar Martini, Smoking Nitro Margarita, Tiger Prawn Capellini",Food/Drink Value Service Ambience,
https://www.hungrygowhere.com/singapore/crab-at-bay-macpherson-upper-aljunied-paya-lebar/,Crab at Bay,$,"548 Macpherson Road, 368227",Restaurant,Chinese • Seafood,"Specialized in Asian Chinese culinary, Crab at Bay was established to delightfully excite you with flavourizing tastes to fill your appetite of some of the best dishes ever made, globally. Uniquely refined methods of Chinese cooking, Crab at Bay takes pride in serving the best mouth-watering seafood dishes prepared by highly-skilled chefs from their very kitchen.",+65 68846884,Tai Seng,Daily: 11:00 - 14:00 PH: 11:00 - 14:00 Daily: 17:00 - 22:30 PH: 17:00 - 22:30,$10 based on 4 submissions,"After Work, Children/Family, Dinner","Signature Black Pepper Crab, Signature Crab Bee Hoon, Signature Guinness Spare Ribs, Signature Homemade Beancurd, Signature Stir Fried Mee Sua",+65 67438366 +65 97541900,Food/Drink Value Service Ambience
https://www.hungrygowhere.com/singapore/tea_valley_downtown_east/,Tea Valley (Downtown East),$,"#01-340 Market Square @ Downtown East E!Avenue, 1 Pasir Ris Close, 519599",Cafe,Taiwanese,"THE BUZZ: Tea Valley is casual dining place that offers a delightful experience with their menu featuring a variety of authentic and traditional Taiwanese cuisine. They also have 8 ranges of beverages in 40 different flavours, made from high-quality tea leaves that come all the way from Taiwan so you can sip absolute perfection in each drink. It presents a beautiful selection of noodles, snacks, steamboat, desserts, beverages and more, so there is surely something for everyone.",+65 68846884,Pasir Ris,Daily: 11:00 - 22:00,Downtown East (View all branches),$9 based on 4 submissions,"Ala Carte, Children/Family, Dinner","Black Tea, Bubble Tea, Milk Tea, Red Tea",+65 65833055
https://www.hungrygowhere.com/singapore/Limoncello_Italian_Pizza___Grill/,Limoncello Pizza and Grill,$$$,"#01-19/20 Robertson Quay Rivergate, 95 Robertson Quay, 238256",Bar or Pub,Beer • Italian • Pizza • Wine,A gastronomical tribute to the alluring Amalfi Coast is ongoing at casual pizzeria Limoncello at Robertson Quay.,+65 68846884,Fort Canning,Wed - Sun: 12:00 - 03:00 Mon - Sun: 05:30 - 11:00 Last order at 10.30 pm,$52 based on 71 submissions,"Dinner(21 votes), Alfresco/Outdoor Dining(20 votes), After Work(18 votes)",Burrata,+65 66345117,Food/Drink Value Service Ambience
https://www.hungrygowhere.com/singapore/brotzeit-german-bier-bar-restaurant-orchard-river-valley/,Brotzeit German Bier Bar & Restaurant (313@Somerset),$$$,"#1 313 @ Somerset, 313 Orchard Road, 238895",Bar or Pub,Beer • European • German • Western • Wine,"The origin of Brotzeit German Bier Bar & Restaurant's name is derived from a popular Bavarian expression that translates to """"bread-time"""" (""""brot"""" means bread, and """"zeit"""" means time) - having a small meal to complement a wholesome beer, which fits the culture of Brotzeit German Bier Bar and Restaurant perfectly. The restaurant delivers quality meals in a warm and welcoming environment on the first floor of 313@Somerset.",+65 68846884,Somerset,Daily: 10:00 - 22:00,313@Somerset (View all branches),$47 based on 3 submissions,"After Work, Dinner, Large Groups/Gathering",Crispy Oven Roasted Pork Knuckle,https://www.facebook.com/brotzeit.co/notes http://twitter.com/Brotzeit_SG
https://www.hungrygowhere.com/singapore/gattopardo-ristorante-di-mare-anson-tanjong-pagar/,Gattopardo Ristorante di Mare,$$$$,"34/35/36 Tras Street, 079026",Restaurant,European • Italian,"Unlike many other Italian restaurants here, Sicilian-born chef Lino Sauro's Gattopardo Ristorante Di Mare focus more on the seafood specialties from Sicily and Southern Italy.",+65 68846884,Tanjong Pagar,Mon - Fri: 12:00 - 14:30 Mon - Fri: 18:30 - 22:30 Sat: 18